INSERT INTO tbl_user_permission (permission_id, role, syllabus, training_program, class, learning_material, user_management)
VALUES (1, 'SUPER_ADMIN', 'FULL_ACCESS', 'FULL_ACCESS','FULL_ACCESS','FULL_ACCESS','FULL_ACCESS' ),
       (2, 'CLASS_ADMIN', 'CREATE', 'CREATE','CREATE','CREATE','CREATE' ),
       (3, 'TRAINER', 'VIEW','VIEW','VIEW','CREATE','VIEW' );

INSERT INTO tbl_user (user_id, name, email, phone, dob, gender,permission_id, status, created_by, created_date, modified_by, modified_date)
VALUES  (1, 'Trương Xuân Hoa', 'xh.demo@gmail.com', '0125634701', '2002-12-15', 'FEMALE', 1, True, 'admin' ,'2023-9-29', NULL,NULL),
        (2, 'Quách Gia', 'qg.demo@gmail.com', '0125634702', '2002-12-16', 'MALE', 2, True, 'admin' ,'2023-9-29', NULL,NULL),
        (3, 'Chu Thái', 'ct.demo@gmail.com', '0365892147', '2002-12-17', 'MALE', 3, True, 'admin' ,'2023-9-29', NULL,NULL),
        (4, 'John Doe', 'john.doe@example.com', '0254369803', '1980-01-01', 'MALE', 3, True, 'admin', '2023-09-30', NULL, NULL),
        (5, 'Jane Doe', 'jane.doe@example.com', '0254369804', '1985-02-02', 'FEMALE', 3, True, 'admin', '2023-09-30', NULL, NULL),
        (6, 'Peter Smith', 'peter.smith@example.com', '025436905', '1990-03-03', 'MALE', 3, True, 'admin', '2023-09-30', NULL, NULL),
        (7, 'Mary Johnson', 'mary.johnson@example.com', '0254369806', '1995-04-04', 'FEMALE', 3, True, 'admin', '2023-09-30', NULL, NULL),
        (8, 'David Jones', 'david.jones@example.com', '0254369807', '2000-05-05', 'MALE', 2, True, 'admin', '2023-09-30', NULL, NULL),
        (9, 'Susan Brown', 'susan.brown@example.com', '0254369808', '2005-06-06', 'FEMALE', 3, True, 'admin', '2023-09-30', NULL, NULL),
        (10, 'Michael Williams', 'michael.williams@example.com', '0254369809', '2010-07-07', 'MALE', 2, True, 'admin', '2023-09-30', NULL, NULL),
        (11, 'Thomas Anderson', 'thomas.anderson@example.com', '0912345610', '1980-01-01', 'MALE', 2, true, 'admin', '2023-09-30', NULL, NULL),
        (12, 'Neo', 'neo@example.com', '0923456711', '1985-02-02', 'FEMALE', 3, true, 'admin', '2023-09-30', NULL, NULL),
        (13, 'Morpheus', 'morpheus@example.com', '0934567812', '1990-03-03', 'MALE', 2, true, 'admin', '2023-09-30', NULL, NULL),
        (14, 'Trinity', 'trinity@example.com', '0945678913', '1995-04-04', 'FEMALE', 3, true, 'admin', '2023-09-30', NULL, NULL),
        (15, 'Cypher', 'cypher@example.com', '0956789014', '2000-05-05', 'MALE', 2, true, 'admin', '2023-09-30', NULL, NULL),
        (16, 'Agent Smith', 'agent.smith@example.com', '0967890115', '2005-06-06', 'FEMALE', 3, true, 'admin', '2023-09-30', NULL, NULL),
        (17, 'Oracle', 'oracle@example.com', '0978901216', '2010-07-07', 'MALE', 3, true, 'admin', '2023-09-30', NULL, NULL),
        (18, 'Merovingian', 'merovingian@example.com', '0989012317', '2015-08-08', 'FEMALE', 2, true, 'admin', '2023-09-30', NULL, NULL),
        (19, 'Nicodemus', 'nicodemus@example.com', '0999012318', '2020-09-09', 'MALE', 3, true, 'admin', '2023-09-30', NULL, NULL),
        (20, 'Trinity 2', 'trinity2@example.com', '0901234519', '2025-10-10', 'FEMALE', 2, true, 'admin', '2023-09-30', NULL, NULL),
        (21, 'Ari Gold', 'ari.gold@example.com', '0254369820', '1970-01-01', 'MALE', 3, True, 'admin', '2023-09-30', NULL, NULL),
        (22, 'Entourage', 'entourage@example.com', '0254369821', '1975-02-02', 'FEMALE', 3, True, 'admin', '2023-09-30', NULL, NULL),
        (23, 'Vincent Chase', 'vincent.chase@example.com', '0254369822', '1980-03-03', 'MALE', 2, True, 'admin', '2023-09-30', NULL, NULL),
        (24, 'Eric Murphy', 'eric.murphy@example.com', '0254369823', '1985-04-04', 'MALE', 3, True, 'admin', '2023-09-30', NULL, NULL),
        (25, 'Turtle', 'turtle@example.com', '0254369824', '1990-05-05', 'MALE', 2, True, 'admin', '2023-09-30', NULL, NULL),
        (26, 'Johnny Drama', 'johnny.drama@example.com', '0254369825', '2005-06-06', 'MALE', 3, True, 'admin', '2023-09-30', NULL, NULL),
        (27, 'Mrs. Ari Gold', 'mrs.ari.gold@example.com', '0254369826', '2010-07-07', 'FEMALE', 3, True, 'admin', '2023-09-30', NULL, NULL),
        (28, 'Lloyd Lee', 'lloyd.lee@example.com', '0254369827', '2015-08-08', 'MALE', 2, True, 'admin', '2023-09-30', NULL, NULL),
        (29, 'Scott Lavin', 'scott.lavin@example.com', '02543698728', '2020-09-09', 'MALE', 3, True, 'admin', '2023-09-30', NULL, NULL),
        (30, 'Billy Walsh', 'billy.walsh@example.com', '0254369829', '2025-10-10', 'MALE', 2, True, 'admin', '2023-09-30', NULL, NULL),
        (31, 'Don Draper', 'don.draper@example.com', '0254369830', '1960-01-01', 'MALE', 3, True, 'admin', '2023-09-30', NULL, NULL),
        (32, 'Peggy Olson', 'peggy.olson@example.com', '0254369831', '1965-02-02', 'FEMALE', 2, True, 'admin', '2023-09-30', NULL, NULL),
        (33, 'Joan Holloway', 'joan.holloway@example.com', '0254369832', '1970-03-03', 'FEMALE', 3, True, 'admin', '2023-09-30', NULL, NULL),
        (34, 'Roger Sterling', 'roger.sterling@example.com', '0254369833', '1975-04-04', 'MALE', 3, True, 'admin', '2023-09-30', NULL, NULL),
        (35, 'Bert Cooper', 'bert.cooper@example.com', '0254369834', '1980-05-05', 'MALE', 2, True, 'admin', '2023-09-30', NULL, NULL),
        (36, 'Pete Campbell', 'pete.campbell@example.com', '0254369835', '2005-06-06', 'MALE', 3, True, 'admin', '2023-09-30', NULL, NULL),
        (37, 'Midge Daniels', 'midge.daniels@example.com', '0254369436', '2010-07-07', 'FEMALE', 3, True, 'admin', '2023-09-30', NULL, NULL),
        (38, 'Harry Crane', 'harry.crane@example.com', '0254369837', '2015-08-08', 'MALE', 3, True, 'admin', '2023-09-30', NULL, NULL),
        (39, 'Lane Pryce', 'lane.pryce@example.com', '0254369838', '2020-09-09', 'MALE', 2, True, 'admin', '2023-09-30', NULL, NULL),
        (40, 'Sal Romano', 'sal.romano@example.com', '0254369839', '2025-10-10', 'MALE', 3, True, 'admin', '2023-09-30', NULL, NULL),
        (41, 'Walter White', 'walter.white@example.com', '0254369840', '1950-01-01', 'MALE', 3, True, 'admin', '2023-09-30', NULL, NULL),
        (42, 'Skyler White', 'skyler.white@example.com', '0254369841', '1955-02-02', 'FEMALE', 2, False, 'admin', '2023-09-30', NULL, NULL),
        (43, 'Jesse Pinkman', 'jesse.pinkman@example.com', '0254369842', '1960-03-03', 'MALE', 3, False, 'admin', '2023-09-30', NULL, NULL),
        (44, 'Hank Schrader', 'hank.schrader@example.com', '0254369843', '1965-04-04', 'MALE', 3, False, 'admin', '2023-09-30', NULL, NULL),
        (45, 'Marie Schrader', 'marie.schrader@example.com', '0254369844', '1970-05-05', 'FEMALE', 2, False, 'admin', '2023-09-30', NULL, NULL),
        (46, 'Gus Fring', 'gus.fring@example.com', '0254369855', '1975-06-06', 'MALE', 3, False, 'admin', '2023-09-30', NULL, NULL),
        (47, 'Mike Ehrmantraut', 'mike.ehrmantraut@example.com', '0254369854', '1980-07-07', 'MALE', 2, False, 'admin', '2023-09-30', NULL, NULL),
        (48, 'Tuco Salamanca', 'tuco.salamanca@example.com', '0254369865', '1985-08-08', 'MALE', 2, False, 'admin', '2023-09-30', NULL, NULL),
        (49, 'Todd Alquist', 'todd.alquist@example.com', '025439834', '1990-09-09', 'MALE', 3, False, 'admin', '2023-09-30', NULL, NULL),
        (50,'Jane Margolis', 'jane.margolis@example.com', '0254368345', '1995-10-10', 'FEMALE', 2, False, 'admin', '2023-09-30', NULL, NULL);

INSERT INTO tbl_training_program(training_program_code, name, user_id, start_time , status, created_by, created_date, modified_by, modified_date)
VALUES ('JLB','Java Basic', 2 , '2023-9-29','ACTIVE','Quách Gia','2023-9-29', NULL,NULL),
       ('PLB','Python Language Basic', 8 , '2023-9-29','ACTIVE','David Jones','2023-9-29', NULL,NULL),
       ('CLB','C# Language Basic', 10 , '2023-9-29', 'ACTIVE','Michael Williams','2023-9-29', NULL,NULL),
       ('JSB','JavaScrip Basic', 8 , '2023-9-29','ACTIVE','Michael Williams','2023-9-29', NULL,NULL),
       ('CLP','C# language Programing', 18 , '2023-9-29','ACTIVE','Morpheus','2023-9-29', NULL,NULL),
       ('FDN','Fullstack .NET Develop', 15 , '2023-9-29', 'ACTIVE','Michael Williams','2023-9-29', NULL,NULL),
       ('FJW','Fullstack JavaWeb Develop', 8 , '2023-9-29','ACTIVE','Cypher','2023-9-29', NULL,NULL);

INSERT INTO tbl_syllabus(topic_code, topic_name, technical_group, version, training_audience, topic_outline, training_material, training_principal, priority, public_status, created_by, created_date, modified_by, modified_date,user_id)
VALUES ('A01', 'Java Language Basic','Trainer PC need to have following software: /nMicrosoftSQL/n Microsoft Visual Studio Code/n JDK 11 ','1.0',10, 'outline', 'learning material', 'principles','priority','ACTIVE','Quách Gia','2023-9-29', NULL,NULL,2),
       ('A02', 'C# Language Basic','Trainer PC need to have following software: /nMicrosoftSQL/n Microsoft Visual Studio Code/n JDK 11 ','1.0', 10, 'outline', 'learning material', 'principles','priority','INACTIVE','David Jones','2023-9-29', NULL,NULL,8),
       ('S01', 'Python Language Basic','Trainer PC nêd to have following software: /nMicrosoftSQL/n Microsoft Visual Studio Code/n JDK 11 ','1.0', 12, 'outline', 'learning material', 'principles','priority','DRAFT','David Jones','2023-9-29', NULL,NULL,8),
       ('S02', 'C# language Programing','Trainer PC nêd to have following software: /nMicrosoftSQL/n Microsoft Visual Studio Code/n JDK 11 ','1.0', 9, 'outline', 'learning material', 'principles','priority','INACTIVE','David Jones','2023-9-29', NULL,NULL,8),
       ('K01', 'DevOps Foundation','Trainer PC nêd to have following software: /nMicrosoftSQL/n Microsoft Visual Studio Code/n JDK 11 ','1.0', 12, 'outline', 'learning material', 'principles','priority','ACTIVE','David Jones','2023-9-29', NULL,NULL,8),
       ('H01', 'Azure DevOps Foundation','Trainer PC nêd to have following software: /nMicrosoftSQL/n Microsoft Visual Studio Code/n JDK 11 ','1.0', 11, 'outline', 'learning material', 'principles','priority','ACTIVE','David Jones','2023-9-29', NULL,NULL,8);

INSERT INTO tbl_cLass(class_id, training_program_code, class_name, class_code, duration, status, location, fsu, start_date, end_date, created_by, created_date, modified_by, modified_date)
VALUES (1, 'JLB','Java Basic_01','HCM23_JLB01', 31, 'OPENING', 'Ho Chi Minh',1, '2023-10-1','2023-11-1','Quách Gia','2023-9-29', NULL, NULL),
       (2, 'JLB','Java Basic_02','CT23_JLB01', 31, 'OPENING', 'Can Tho', 4, '2023-10-1','2023-11-1','Quách Gia','2023-9-29', NULL, NULL),
       (3, 'JLB','Java Basic_03','HN23_JLB01', 31, 'OPENING', 'Ha Noi', 1, '2023-10-1','2023-11-1','Quách Gia','2023-9-29', NULL, NULL),
       (4, 'PLB','Python Language Basic_01','HN23_PLB01', 31, 'COMPLETED', 'Ha Noi', 1, '2023-10-1','2023-11-1','David Jones','2023-9-29', NULL, NULL),
       (5, 'PLB','Python Language Basic_02','DN23_PLB01', 31, 'COMPLETED', 'Da Nang', 3, '2023-10-1','2023-11-1','David Jones','2023-9-29', NULL, NULL),
       (6, 'JSB','JavaScrip Basic 01','HCM23_JSB01', 31, 'COMPLETED', 'Ho Chi Minh', 1, '2023-10-1','2023-11-1','Michael Williams','2023-9-29', NULL, NULL),
       (7, 'JSB','JavaScrip Basic 02','HCM23_JSB02', 31, 'SCHEDULED', 'Ho Chi Minh', 1, '2023-10-1','2023-11-1','Michael Williams','2023-9-29', NULL, NULL),
       (8, 'CLP','C# Language Basic 1','HN23_CLP01', 31, 'SCHEDULED', 'Ha Noi', 2, '2023-10-1','2023-11-1','Morpheus','2023-9-29', NULL, NULL),
       (9, 'CLP','C# Language Basic2','HN23_CLP02', 31, 'SCHEDULED', 'Ha Noi', 2, '2023-10-1','2023-11-1','Morpheus','2023-9-29', NULL, NULL),
       (10, 'FDN','Fullstack .NET Develop','HCM23_FDN01', 31, 'PLANNING', 'Ho Chi Minh', 1, '2023-10-1','2023-11-1','Michael Williams','2023-9-29', NULL, NULL),
       (11, 'FJW','Fullstack JavaWeb Develop_01','HCM23_FJW01', 31, 'PLANNING', 'Ho Chi Minh', 1, '2023-10-1','2023-11-1','Cypher','2023-9-29', NULL, NULL),
       (12, 'FJW','Fullstack JavaWeb Develop_02','HCM23_FJW02', 31, 'PLANNING', 'Ho Chi Minh', 1, '2023-10-1','2023-11-1','Cypher','2023-9-29', NULL, NULL);

INSERT INTO tbl_learning_objective(code, name, type, description)
VALUES ('A01', 'Demonstrate a positive', 'Attitude', 'The learner will demonstrate a positive and enthusiastic attitude towards learning Java.'),
       ('A02', 'Demonstrate responsibility', 'Attitude', 'The learner will demonstrate responsibility and complete assigned tasks.'),
       ('S01', 'Write basic PythonCode code', 'Skill', 'The learner will be able to write basic Java code, including control statements, loops, and methods.'),
       ('K01', 'Basic concepts of C# programming.', 'Knowledge', 'The learner will understand the basic concepts of Java programming, including variables, data types, operators, and expressions.'),
       ('H01', 'Practice regularly', 'Habit', 'The learner will practice regularly to improve Java programming skills.'),
       ('S04', 'Use exception handling in Java.', 'Skill', 'The learner will be able to use exception handling in Java.'),
       ('K04', 'Java collections', 'Knowledge', 'The learner will understand Java collections, including lists, sets, and maps.'),
       ('H03', 'Contribute to open source projects.', 'Habit', 'The learner will contribute to open source projects.'),
       ('K05', 'Java database access', 'Knowledge', 'The learner will understand Java database access, including JDBC and ORM.'),
       ('S05', 'Use threads and concurrency', 'Skill', 'The learner will be able to use threads and concurrency in Java.');

INSERT INTO tbl_training_unit(unit_code, unit_name, day_number, topic_code)
VALUES ('A01', 'Java basic', 1, 'A01'),
       ('A02', 'Java basic 2', 2, 'A01'),
       ('S01', 'C# Language Basic 1', 3, 'A02'),
       ('S02', 'C# Language Basic 2', 4, 'A02'),
       ('K01', 'Python Language Basic 1', 5, 'S01'),
       ('H01', 'Python Language Basic 2', 6, 'S01'),
       ('TU-07', 'Python Language Basic 3', 7, 'S01'),
       ('TU-08', 'Python Language Basic 4', 8, 'S01'),
       ('TU-09', 'C# language Programing', 9, 'S02'),
       ('TU-10', 'C# language Programing', 9, 'S02'),
       ('TU-11', 'DevOps Foundation', 9, 'K01'),
       ('TU-12', 'DevOps Foundation', 9, 'K01'),
       ('TU-13', 'Azure DevOps Foundation', 9, 'H01'),
       ('TU-14', 'Azure DevOps Foundation', 9, 'H01'),
       ('TU-15', 'Java Language Basic', 9, 'A01');

INSERT INTO tbl_training_content (content, learning_objective_code,type, duration, note,training_content_id,unit_code)
VALUES ('Java Language Basic 1','A01','Assignment',7,'This training content will introduce learners to advanced concepts of Java programming.',1,'A01'),
       ('Java Language Basic 2','A01','Quiz',10,'This training content will introduce learners to advanced concepts of Java programming.',2,'A01'),
       ('C# Language Basic 1','A02','Assignment',14,'This training content will introduce learners to advanced concepts of Java programming.',3,'A02'),
       ('C# Language Basic 2','A02','Assignment',7,'This training content will introduce learners to advanced concepts of Java programming.',4,'A02'),
       ('Python Language Basic 1','S01','Guides',7,'This training content will introduce learners to advanced concepts of Java programming.',5,'S01'),
       ('Python Language Basic 2','S01','Assignment',10,'This training content will introduce learners to advanced concepts of Java programming.',6,'S01'),
       ('Python Language Basic 3','S01','Quiz',14,'This training content will introduce learners to advanced concepts of Java programming.',7,'S02'),
       ('C# language Programing 1','K01','Assignment',10,'This training content will introduce learners to advanced concepts of Java programming.',8,'K01'),
       ('DevOps Foundation','H01','Guides',10,'This training content will introduce learners to advanced concepts of Java programming.',9,'H01'),
       ('Azure DevOps Foundation','S04','Guides',10,'This training content will introduce learners to advanced concepts of Java programming.',10,'TU-07'),
       ('Azure DevOps Foundation','H03','Guides',10,'This training content will introduce learners to advanced concepts of Java programming.',11,'TU-08'),
       ('Azure DevOps Foundation','K05','Guides',10,'This training content will introduce learners to advanced concepts of Java programming.',12,'TU-09'),
       ('Azure DevOps Foundation','S05','Guides',10,'This training content will introduce learners to advanced concepts of Java programming.',13,'TU-10');

INSERT INTO tbl_class_user(user_id, class_id,user_type)
VALUES (3,1,'Trainer'),
       (6,1,'Trainer'),
       (7,1,'Trainer'),
       (9,1,'Trainer'),
       (12,1,'Trainer'),
       (17,1,'Trainer'),
       (19,1,'Trainer'),
       (21,1,'Trainer'),
       (31,1,'Trainer'),
       (33,1,'Trainer'),
       (5,2,'Trainer'),
       (12,2,'Trainer'),
       (26,2,'Trainer'),
       (27,2,'Trainer'),
       (34,2,'Trainer'),
       (36,2,'Trainer'),
       (37,2,'Trainer'),
       (7,3,'Trainer'),
       (9,3,'Trainer'),
       (17,3,'Trainer'),
       (19,3,'Trainer'),
       (24,3,'Trainer'),
       (29,3,'Trainer'),
       (31,3,'Trainer'),
       (41,3,'Trainer'),
       (17,4,'Trainer'),
       (19,4,'Trainer'),
       (21,4,'Trainer'),
       (22,4,'Trainer'),
       (34,4,'Trainer'),
       (36,4,'Trainer'),
       (37,4,'Trainer'),
       (3,4,'Trainer'),
       (7,4,'Trainer'),
       (9,4,'Trainer'),
       (3,5,'Trainer'),
       (4,5,'Trainer'),
       (5,5,'Trainer'),
       (6,5,'Trainer'),
       (7,5,'Trainer'),
       (19,5,'Trainer'),
       (21,5,'Trainer'),
       (22,6,'Trainer'),
       (12,6,'Trainer'),
       (14,6,'Trainer'),
       (16,6,'Trainer'),
       (24,6,'Trainer'),
       (26,7,'Trainer'),
       (27,7,'Trainer'),
       (29,7,'Trainer'),
       (31,7,'Trainer'),
       (33,8,'Trainer'),
       (34,8,'Trainer'),
       (36,8,'Trainer'),
       (37,8,'Trainer'),
       (6,9,'Trainer'),
       (7,9,'Trainer'),
       (9,9,'Trainer'),
       (12,9,'Trainer'),
       (38,10,'Trainer'),
       (40,10,'Trainer'),
       (41,10,'Trainer'),
       (43,10,'Trainer'),
       (26,11,'Trainer'),
       (27,11,'Trainer'),
       (29,11,'Trainer'),
       (44,11,'Trainer'),
       (12,12,'Trainer'),
       (14,12,'Trainer'),
       (16,12,'Trainer'),
       (17,12,'Trainer'),
       (2,1,'Class Admin'),
       (8,2,'Class Admin'),
       (10,3,'Class Admin'),
       (11,4,'Class Admin'),
       (13,5,'Class Admin'),
       (13,6,'Class Admin'),
       (15,7,'Class Admin'),
       (18,8,'Class Admin'),
       (20,9,'Class Admin'),
       (23,10,'Class Admin'),
       (23,11,'Class Admin'),
       (25,12,'Class Admin');

INSERT INTO tbl_training_program_syllabus(topic_code, training_program_code)
VALUES ('A01','JLB'),
       ('A02','CLB'),
       ('S01','PLB'),
       ('S02','JSB'),
       ('K01','CLP'),
       ('H01','FDN'),
       ('A01','FJW');

INSERT INTO tbl_syllabus_objective(topic_code, objective_code)
VALUES ('A01','A01'),
       ('A01','A02'),
       ('A02','S01'),
       ('A02','K01'),
       ('S01','H01'),
       ('S01','S04'),
       ('S01','K04'),
       ('S02','H03'),
       ('K01','K05'),
       ('H01','S05');